"ll","tt","X1","X2","X3"
1,0,950,50,0
1,1,915,75,10
1,2,885,84,31
1,3,827,116,57
1,4,774,133,93
1,5,677,197,126
1,6,594,230,176
1,7,513,238,249
1,8,431,253,316
1,9,349,278,373
1,10,294,261,445
1,11,258,224,518
1,12,217,202,581
1,13,193,174,633
1,14,167,159,674
1,15,149,121,730
1,16,139,94,767
1,17,128,86,786
1,18,118,78,804
1,19,114,59,827
1,20,110,48,842
1,21,104,43,853
1,22,99,39,862
1,23,96,32,872
1,24,93,31,876
1,25,92,22,886
1,26,90,19,891
1,27,90,17,893
1,28,90,14,896
1,29,89,11,900
1,30,89,7,904
2,0,950,50,0
2,1,910,82,8
2,2,863,99,38
2,3,801,134,65
2,4,739,166,95
2,5,645,220,135
2,6,552,265,183
2,7,462,304,234
2,8,381,304,315
2,9,319,292,389
2,10,261,250,489
2,11,224,222,554
2,12,182,228,590
2,13,153,208,639
2,14,130,178,692
2,15,118,153,729
2,16,105,127,768
2,17,93,104,803
2,18,81,85,834
2,19,73,71,856
2,20,70,57,873
2,21,67,50,883
2,22,63,40,897
2,23,63,30,907
2,24,60,28,912
2,25,60,17,923
2,26,60,11,929
2,27,59,9,932
2,28,58,8,934
2,29,55,11,934
2,30,55,9,936
3,0,950,50,0
3,1,915,74,11
3,2,877,87,36
3,3,821,122,57
3,4,751,160,89
3,5,684,198,118
3,6,606,216,178
3,7,513,258,229
3,8,424,282,294
3,9,359,272,369
3,10,298,267,435
3,11,260,236,504
3,12,219,229,552
3,13,197,196,607
3,14,167,177,656
3,15,152,150,698
3,16,133,143,724
3,17,123,118,759
3,18,113,99,788
3,19,106,83,811
3,20,104,69,827
3,21,100,58,842
3,22,99,45,856
3,23,96,38,866
3,24,91,34,875
3,25,88,30,882
3,26,86,25,889
3,27,86,19,895
3,28,85,15,900
3,29,84,14,902
3,30,84,9,907
4,0,950,50,0
4,1,916,74,10
4,2,875,100,25
4,3,815,139,46
4,4,735,180,85
4,5,667,202,131
4,6,577,246,177
4,7,491,271,238
4,8,408,277,315
4,9,341,280,379
4,10,265,287,448
4,11,220,274,506
4,12,190,240,570
4,13,170,207,623
4,14,137,192,671
4,15,117,164,719
4,16,102,135,763
4,17,94,102,804
4,18,91,72,837
4,19,84,54,862
4,20,81,50,869
4,21,74,41,885
4,22,73,26,901
4,23,70,21,909
4,24,70,16,914
4,25,69,12,919
4,26,66,14,920
4,27,65,13,922
4,28,65,11,924
4,29,65,10,925
4,30,64,7,929
5,0,950,50,0
5,1,924,64,12
5,2,888,87,25
5,3,830,122,48
5,4,750,167,83
5,5,668,211,121
5,6,583,246,171
5,7,503,270,227
5,8,421,277,302
5,9,342,303,355
5,10,276,296,428
5,11,241,270,489
5,12,202,248,550
5,13,174,219,607
5,14,147,201,652
5,15,127,173,700
5,16,113,149,738
5,17,104,114,782
5,18,96,86,818
5,19,93,68,839
5,20,88,57,855
5,21,87,47,866
5,22,83,40,877
5,23,80,35,885
5,24,78,29,893
5,25,77,24,899
5,26,76,18,906
5,27,74,18,908
5,28,72,17,911
5,29,71,14,915
5,30,71,11,918
6,0,950,50,0
6,1,918,70,12
6,2,877,92,31
6,3,818,129,53
6,4,759,157,84
6,5,670,194,136
6,6,582,239,179
6,7,496,258,246
6,8,407,276,317
6,9,341,284,375
6,10,284,256,460
6,11,245,236,519
6,12,210,219,571
6,13,176,209,615
6,14,148,185,667
6,15,129,162,709
6,16,118,132,750
6,17,108,115,777
6,18,98,99,803
6,19,92,83,825
6,20,87,69,844
6,21,83,51,866
6,22,80,44,876
6,23,76,34,890
6,24,74,28,898
6,25,73,19,908
6,26,73,12,915
6,27,73,7,920
6,28,72,7,921
6,29,72,5,923
6,30,72,4,924
7,0,950,50,0
7,1,926,60,14
7,2,888,79,33
7,3,846,100,54
7,4,776,147,77
7,5,689,198,113
7,6,600,243,157
7,7,517,266,217
7,8,423,302,275
7,9,356,299,345
7,10,294,281,425
7,11,238,273,489
7,12,206,239,555
7,13,178,204,618
7,14,149,181,670
7,15,136,154,710
7,16,124,128,748
7,17,117,100,783
7,18,107,91,802
7,19,92,93,815
7,20,89,74,837
7,21,84,56,860
7,22,82,40,878
7,23,81,35,884
7,24,75,36,889
7,25,72,32,896
7,26,72,22,906
7,27,71,14,915
7,28,71,6,923
7,29,70,7,923
7,30,70,6,924
8,0,950,50,0
8,1,911,82,7
8,2,876,96,28
8,3,823,128,49
8,4,736,188,76
8,5,652,218,130
8,6,577,241,182
8,7,486,270,244
8,8,401,295,304
8,9,328,289,383
8,10,273,269,458
8,11,217,258,525
8,12,189,210,601
8,13,166,177,657
8,14,147,156,697
8,15,133,122,745
8,16,123,94,783
8,17,114,82,804
8,18,107,64,829
8,19,98,63,839
8,20,96,48,856
8,21,92,37,871
8,22,86,35,879
8,23,82,29,889
8,24,76,31,893
8,25,75,22,903
8,26,73,18,909
8,27,73,12,915
8,28,72,7,921
8,29,72,4,924
8,30,72,4,924
9,0,950,50,0
9,1,909,76,15
9,2,871,97,32
9,3,831,120,49
9,4,767,147,86
9,5,682,194,124
9,6,590,236,174
9,7,509,266,225
9,8,426,270,304
9,9,347,288,365
9,10,268,288,444
9,11,220,262,518
9,12,187,228,585
9,13,163,205,632
9,14,148,168,684
9,15,133,136,731
9,16,129,105,766
9,17,120,89,791
9,18,116,76,808
9,19,105,68,827
9,20,100,55,845
9,21,96,42,862
9,22,93,33,874
9,23,90,28,882
9,24,87,28,885
9,25,86,22,892
9,26,84,20,896
9,27,83,18,899
9,28,83,15,902
9,29,82,12,906
9,30,82,6,912
10,0,950,50,0
10,1,927,61,12
10,2,892,86,22
10,3,827,129,44
10,4,751,172,77
10,5,664,220,116
10,6,575,247,178
10,7,483,271,246
10,8,403,272,325
10,9,333,267,400
10,10,265,270,465
10,11,225,234,541
10,12,194,195,611
10,13,170,176,654
10,14,151,152,697
10,15,132,130,738
10,16,122,106,772
10,17,109,87,804
10,18,100,79,821
10,19,96,69,835
10,20,93,54,853
10,21,88,48,864
10,22,85,41,874
10,23,83,31,886
10,24,81,27,892
10,25,81,22,897
10,26,80,14,906
10,27,80,11,909
10,28,80,8,912
10,29,79,5,916
10,30,79,4,917
11,0,950,50,0
11,1,925,60,15
11,2,884,82,34
11,3,827,121,52
11,4,761,159,80
11,5,666,209,125
11,6,586,243,171
11,7,493,272,235
11,8,417,272,311
11,9,342,284,374
11,10,284,282,434
11,11,231,269,500
11,12,194,253,553
11,13,162,216,622
11,14,148,174,678
11,15,131,146,723
11,16,115,128,757
11,17,105,109,786
11,18,100,82,818
11,19,96,71,833
11,20,93,53,854
11,21,88,42,870
11,22,86,35,879
11,23,80,34,886
11,24,77,30,893
11,25,76,25,899
11,26,74,21,905
11,27,74,18,908
11,28,72,13,915
11,29,71,11,918
11,30,71,8,921
12,0,950,50,0
12,1,928,59,13
12,2,887,82,31
12,3,839,106,55
12,4,760,165,75
12,5,678,202,120
12,6,577,259,164
12,7,499,266,235
12,8,414,294,292
12,9,351,294,355
12,10,285,293,422
12,11,233,269,498
12,12,195,238,567
12,13,168,204,628
12,14,149,172,679
12,15,129,151,720
12,16,118,121,761
12,17,109,103,788
12,18,99,84,817
12,19,94,75,831
12,20,88,67,845
12,21,85,56,859
12,22,80,49,871
12,23,77,35,888
12,24,75,26,899
12,25,74,18,908
12,26,72,11,917
12,27,71,10,919
12,28,71,3,926
12,29,71,2,927
12,30,71,0,929
13,0,950,50,0
13,1,922,66,12
13,2,874,96,30
13,3,821,131,48
13,4,740,175,85
13,5,655,218,127
13,6,572,253,175
13,7,480,286,234
13,8,384,309,307
13,9,327,286,387
13,10,265,271,464
13,11,210,257,533
13,12,175,238,587
13,13,151,210,639
13,14,137,167,696
13,15,125,140,735
13,16,119,109,772
13,17,109,88,803
13,18,104,72,824
13,19,98,64,838
13,20,93,50,857
13,21,89,40,871
13,22,87,33,880
13,23,85,28,887
13,24,85,23,892
13,25,83,21,896
13,26,83,16,901
13,27,82,10,908
13,28,82,7,911
13,29,82,4,914
13,30,80,6,914
14,0,950,50,0
14,1,931,51,18
14,2,886,86,28
14,3,829,123,48
14,4,750,173,77
14,5,679,202,119
14,6,586,250,164
14,7,498,279,223
14,8,419,294,287
14,9,330,311,359
14,10,281,286,433
14,11,230,259,511
14,12,200,214,586
14,13,164,199,637
14,14,137,167,696
14,15,117,136,747
14,16,107,107,786
14,17,99,91,810
14,18,95,69,836
14,19,86,64,850
14,20,84,50,866
14,21,80,43,877
14,22,77,35,888
14,23,72,34,894
14,24,70,29,901
14,25,69,26,905
14,26,67,21,912
14,27,67,15,918
14,28,67,11,922
14,29,66,11,923
14,30,66,8,926
15,0,950,50,0
15,1,931,63,6
15,2,892,86,22
15,3,837,123,40
15,4,759,166,75
15,5,677,212,111
15,6,597,236,167
15,7,501,269,230
15,8,445,270,285
15,9,364,275,361
15,10,311,267,422
15,11,263,260,477
15,12,220,233,547
15,13,202,194,604
15,14,177,173,650
15,15,156,148,696
15,16,142,123,735
15,17,130,105,765
15,18,124,86,790
15,19,118,74,808
15,20,115,63,822
15,21,111,53,836
15,22,109,40,851
15,23,104,32,864
15,24,103,22,875
15,25,102,17,881
15,26,101,13,886
15,27,100,11,889
15,28,100,8,892
15,29,100,5,895
15,30,100,5,895
16,0,950,50,0
16,1,919,69,12
16,2,880,96,24
16,3,822,129,49
16,4,743,171,86
16,5,674,201,125
16,6,596,230,174
16,7,486,289,225
16,8,385,315,300
16,9,326,301,373
16,10,266,277,457
16,11,219,260,521
16,12,190,232,578
16,13,164,205,631
16,14,147,175,678
16,15,131,135,734
16,16,115,120,765
16,17,106,100,794
16,18,99,81,820
16,19,96,67,837
16,20,93,53,854
16,21,90,39,871
16,22,85,38,877
16,23,81,31,888
16,24,79,25,896
16,25,76,24,900
16,26,75,20,905
16,27,74,14,912
16,28,74,11,915
16,29,73,9,918
16,30,73,8,919
17,0,950,50,0
17,1,923,67,10
17,2,884,91,25
17,3,821,130,49
17,4,749,175,76
17,5,673,199,128
17,6,596,222,182
17,7,507,255,238
17,8,428,260,312
17,9,349,277,374
17,10,297,255,448
17,11,243,243,514
17,12,208,217,575
17,13,174,195,631
17,14,156,164,680
17,15,140,140,720
17,16,125,117,758
17,17,109,101,790
17,18,100,83,817
17,19,91,67,842
17,20,87,55,858
17,21,82,47,871
17,22,81,40,879
17,23,78,33,889
17,24,77,26,897
17,25,75,24,901
17,26,72,18,910
17,27,72,13,915
17,28,71,12,917
17,29,71,8,921
17,30,71,7,922
18,0,950,50,0
18,1,917,65,18
18,2,883,81,36
18,3,822,120,58
18,4,763,152,85
18,5,670,209,121
18,6,587,246,167
18,7,500,282,218
18,8,427,277,296
18,9,341,299,360
18,10,282,277,441
18,11,236,249,515
18,12,209,214,577
18,13,186,183,631
18,14,163,161,676
18,15,143,136,721
18,16,133,110,757
18,17,122,90,788
18,18,113,68,819
18,19,107,57,836
18,20,100,49,851
18,21,97,42,861
18,22,95,32,873
18,23,92,27,881
18,24,88,22,890
18,25,86,15,899
18,26,85,11,904
18,27,84,12,904
18,28,81,11,908
18,29,80,12,908
18,30,79,12,909
19,0,950,50,0
19,1,918,72,10
19,2,873,102,25
19,3,813,137,50
19,4,763,153,84
19,5,667,216,117
19,6,558,278,164
19,7,465,303,232
19,8,389,308,303
19,9,323,307,370
19,10,267,292,441
19,11,228,266,506
19,12,197,224,579
19,13,176,195,629
19,14,161,163,676
19,15,143,130,727
19,16,135,103,762
19,17,124,92,784
19,18,115,75,810
19,19,108,66,826
19,20,105,50,845
19,21,102,37,861
19,22,96,37,867
19,23,91,34,875
19,24,90,29,881
19,25,87,26,887
19,26,86,22,892
19,27,85,18,897
19,28,84,13,903
19,29,84,10,906
19,30,84,7,909
20,0,950,50,0
20,1,922,62,16
20,2,873,95,32
20,3,824,128,48
20,4,740,180,80
20,5,653,221,126
20,6,559,268,173
20,7,477,292,231
20,8,399,306,295
20,9,339,300,361
20,10,283,279,438
20,11,242,253,505
20,12,211,218,571
20,13,184,196,620
20,14,160,163,677
20,15,138,145,717
20,16,123,130,747
20,17,113,110,777
20,18,109,80,811
20,19,101,69,830
20,20,98,55,847
20,21,88,50,862
20,22,85,44,871
20,23,84,34,882
20,24,83,24,893
20,25,83,19,898
20,26,83,12,905
20,27,81,13,906
20,28,80,11,909
20,29,80,5,915
20,30,80,5,915
21,0,950,50,0
21,1,909,78,13
21,2,873,90,37
21,3,813,128,59
21,4,743,172,85
21,5,659,216,125
21,6,562,257,181
21,7,470,284,246
21,8,396,304,300
21,9,313,303,384
21,10,264,264,472
21,11,222,244,534
21,12,194,221,585
21,13,178,181,641
21,14,157,159,684
21,15,144,134,722
21,16,132,106,762
21,17,120,91,789
21,18,108,78,814
21,19,100,68,832
21,20,93,56,851
21,21,90,45,865
21,22,86,39,875
21,23,84,29,887
21,24,82,25,893
21,25,81,21,898
21,26,80,18,902
21,27,80,13,907
21,28,77,14,909
21,29,77,11,912
21,30,76,10,914
22,0,950,50,0
22,1,920,72,8
22,2,879,96,25
22,3,821,132,47
22,4,763,155,82
22,5,666,228,106
22,6,571,272,157
22,7,483,300,217
22,8,395,308,297
22,9,327,291,382
22,10,274,267,459
22,11,223,250,527
22,12,188,231,581
22,13,168,189,643
22,14,148,175,677
22,15,133,159,708
22,16,121,141,738
22,17,113,112,775
22,18,104,99,797
22,19,98,80,822
22,20,93,72,835
22,21,92,56,852
22,22,88,50,862
22,23,87,38,875
22,24,85,29,886
22,25,82,26,892
22,26,81,20,899
22,27,80,16,904
22,28,79,15,906
22,29,79,10,911
22,30,79,7,914
23,0,950,50,0
23,1,925,68,7
23,2,885,89,26
23,3,831,123,46
23,4,759,167,74
23,5,675,219,106
23,6,587,253,160
23,7,509,279,212
23,8,416,292,292
23,9,330,299,371
23,10,272,271,457
23,11,225,256,519
23,12,185,233,582
23,13,153,200,647
23,14,136,171,693
23,15,121,144,735
23,16,108,127,765
23,17,102,102,796
23,18,94,88,818
23,19,90,70,840
23,20,85,56,859
23,21,84,43,873
23,22,81,34,885
23,23,80,26,894
23,24,77,22,901
23,25,76,17,907
23,26,76,12,912
23,27,74,10,916
23,28,74,8,918
23,29,74,6,920
23,30,74,5,921
24,0,950,50,0
24,1,919,69,12
24,2,871,103,26
24,3,819,128,53
24,4,747,163,90
24,5,659,213,128
24,6,569,238,193
24,7,500,257,243
24,8,398,291,311
24,9,335,285,380
24,10,280,279,441
24,11,230,247,523
24,12,197,237,566
24,13,174,203,623
24,14,155,178,667
24,15,135,143,722
24,16,122,121,757
24,17,116,102,782
24,18,110,79,811
24,19,101,64,835
24,20,97,52,851
24,21,93,49,858
24,22,90,41,869
24,23,88,33,879
24,24,87,26,887
24,25,85,24,891
24,26,85,20,895
24,27,85,16,899
24,28,84,15,901
24,29,84,11,905
24,30,84,9,907
25,0,950,50,0
25,1,926,65,9
25,2,880,98,22
25,3,818,138,44
25,4,755,175,70
25,5,684,209,107
25,6,585,261,154
25,7,493,305,202
25,8,407,317,276
25,9,343,312,345
25,10,274,304,422
25,11,221,277,502
25,12,185,244,571
25,13,162,213,625
25,14,143,169,688
25,15,130,147,723
25,16,121,123,756
25,17,113,96,791
25,18,105,73,822
25,19,98,63,839
25,20,91,59,850
25,21,87,42,871
25,22,85,28,887
25,23,85,21,894
25,24,85,14,901
25,25,82,13,905
25,26,78,16,906
25,27,76,13,911
25,28,75,8,917
25,29,75,6,919
25,30,72,8,920
26,0,950,50,0
26,1,935,56,9
26,2,884,93,23
26,3,834,120,46
26,4,759,169,72
26,5,675,208,117
26,6,597,236,167
26,7,509,264,227
26,8,417,291,292
26,9,343,300,357
26,10,289,264,447
26,11,245,233,522
26,12,213,209,578
26,13,179,180,641
26,14,163,161,676
26,15,144,144,712
26,16,125,121,754
26,17,120,109,771
26,18,117,89,794
26,19,115,67,818
26,20,112,56,832
26,21,110,44,846
26,22,108,37,855
26,23,106,29,865
26,24,106,23,871
26,25,101,20,879
26,26,100,16,884
26,27,100,11,889
26,28,100,8,892
26,29,99,7,894
26,30,99,5,896
27,0,950,50,0
27,1,915,69,16
27,2,869,102,29
27,3,805,135,60
27,4,745,162,93
27,5,669,206,125
27,6,589,239,172
27,7,487,282,231
27,8,411,279,310
27,9,334,281,385
27,10,271,270,459
27,11,235,231,534
27,12,205,207,588
27,13,176,192,632
27,14,153,168,679
27,15,142,140,718
27,16,132,117,751
27,17,125,93,782
27,18,115,80,805
27,19,107,67,826
27,20,106,49,845
27,21,101,40,859
27,22,99,35,866
27,23,97,27,876
27,24,92,30,878
27,25,91,20,889
27,26,91,14,895
27,27,91,11,898
27,28,87,12,901
27,29,86,8,906
27,30,86,8,906
28,0,950,50,0
28,1,918,66,16
28,2,872,95,33
28,3,817,127,56
28,4,742,165,93
28,5,658,205,137
28,6,565,249,186
28,7,483,271,246
28,8,403,280,317
28,9,324,287,389
28,10,261,285,454
28,11,224,255,521
28,12,182,239,579
28,13,154,212,634
28,14,136,180,684
28,15,124,145,731
28,16,117,113,770
28,17,106,108,786
28,18,100,83,817
28,19,91,69,840
28,20,90,46,864
28,21,86,40,874
28,22,84,28,888
28,23,83,18,899
28,24,80,14,906
28,25,79,11,910
28,26,76,9,915
28,27,74,7,919
28,28,74,5,921
28,29,73,6,921
28,30,72,6,922
29,0,950,50,0
29,1,916,73,11
29,2,876,97,27
29,3,827,115,58
29,4,733,174,93
29,5,666,201,133
29,6,593,225,182
29,7,515,237,248
29,8,434,263,303
29,9,349,283,368
29,10,280,283,437
29,11,236,266,498
29,12,196,235,569
29,13,175,198,627
29,14,143,178,679
29,15,132,139,729
29,16,120,124,756
29,17,107,109,784
29,18,102,83,815
29,19,100,64,836
29,20,97,50,853
29,21,92,40,868
29,22,89,36,875
29,23,86,31,883
29,24,82,25,893
29,25,81,20,899
29,26,80,13,907
29,27,78,10,912
29,28,78,9,913
29,29,78,5,917
29,30,76,6,918
30,0,950,50,0
30,1,916,71,13
30,2,878,95,27
30,3,821,133,46
30,4,750,173,77
30,5,675,212,113
30,6,585,250,165
30,7,501,278,221
30,8,431,289,280
30,9,353,289,358
30,10,290,299,411
30,11,250,259,491
30,12,209,232,559
30,13,189,179,632
30,14,166,162,672
30,15,148,140,712
30,16,133,126,741
30,17,124,95,781
30,18,117,74,809
30,19,108,60,832
30,20,102,51,847
30,21,99,42,859
30,22,95,35,870
30,23,93,29,878
30,24,93,25,882
30,25,90,24,886
30,26,90,19,891
30,27,89,13,898
30,28,89,9,902
30,29,89,6,905
30,30,89,4,907
31,0,950,50,0
31,1,912,75,13
31,2,879,93,28
31,3,817,131,52
31,4,752,169,79
31,5,653,227,120
31,6,575,250,175
31,7,486,270,244
31,8,401,286,313
31,9,330,283,387
31,10,262,291,447
31,11,224,252,524
31,12,189,219,592
31,13,165,188,647
31,14,146,166,688
31,15,127,144,729
31,16,113,123,764
31,17,105,108,787
31,18,99,88,813
31,19,90,77,833
31,20,86,63,851
31,21,85,45,870
31,22,85,31,884
31,23,82,27,891
31,24,81,22,897
31,25,80,18,902
31,26,79,14,907
31,27,79,9,912
31,28,77,7,916
31,29,77,6,917
31,30,77,6,917
32,0,950,50,0
32,1,918,70,12
32,2,874,93,33
32,3,820,125,55
32,4,739,168,93
32,5,647,220,133
32,6,557,258,185
32,7,468,286,246
32,8,391,310,299
32,9,325,304,371
32,10,278,276,446
32,11,239,243,518
32,12,216,207,577
32,13,194,183,623
32,14,175,167,658
32,15,152,144,704
32,16,141,120,739
32,17,132,97,771
32,18,120,92,788
32,19,117,65,818
32,20,111,49,840
32,21,103,43,854
32,22,101,39,860
32,23,98,31,871
32,24,96,26,878
32,25,95,19,886
32,26,95,16,889
32,27,94,13,893
32,28,94,11,895
32,29,93,11,896
32,30,93,9,898
33,0,950,50,0
33,1,915,71,14
33,2,869,95,36
33,3,818,117,65
33,4,743,163,94
33,5,680,190,130
33,6,585,234,181
33,7,502,260,238
33,8,416,273,311
33,9,349,270,381
33,10,277,276,447
33,11,231,252,517
33,12,201,213,586
33,13,175,187,638
33,14,160,151,689
33,15,148,124,728
33,16,133,109,758
33,17,127,95,778
33,18,118,77,805
33,19,111,69,820
33,20,103,55,842
33,21,99,46,855
33,22,93,43,864
33,23,90,41,869
33,24,88,28,884
33,25,85,19,896
33,26,84,15,901
33,27,84,12,904
33,28,82,10,908
33,29,82,7,911
33,30,82,6,912
34,0,950,50,0
34,1,923,62,15
34,2,881,87,32
34,3,820,126,54
34,4,749,158,93
34,5,666,201,133
34,6,568,253,179
34,7,489,265,246
34,8,410,274,316
34,9,343,269,388
34,10,276,273,451
34,11,234,255,511
34,12,198,231,571
34,13,169,197,634
34,14,145,173,682
34,15,132,137,731
34,16,120,118,762
34,17,111,96,793
34,18,106,78,816
34,19,99,65,836
34,20,96,59,845
34,21,91,47,862
34,22,90,37,873
34,23,89,32,879
34,24,87,24,889
34,25,85,21,894
34,26,84,19,897
34,27,84,15,901
34,28,83,7,910
34,29,83,6,911
34,30,82,6,912
35,0,950,50,0
35,1,913,74,13
35,2,871,95,34
35,3,811,132,57
35,4,741,171,88
35,5,642,229,129
35,6,565,262,173
35,7,484,281,235
35,8,396,296,308
35,9,325,284,391
35,10,273,249,478
35,11,226,240,534
35,12,199,205,596
35,13,172,197,631
35,14,151,169,680
35,15,140,146,714
35,16,129,124,747
35,17,124,95,781
35,18,114,85,801
35,19,106,76,818
35,20,101,65,834
35,21,101,52,847
35,22,100,37,863
35,23,95,28,877
35,24,93,23,884
35,25,92,16,892
35,26,92,11,897
35,27,92,7,901
35,28,92,4,904
35,29,92,4,904
35,30,91,5,904
36,0,950,50,0
36,1,915,77,8
36,2,871,110,19
36,3,817,146,37
36,4,736,183,81
36,5,658,209,133
36,6,559,254,187
36,7,475,277,248
36,8,399,280,321
36,9,325,295,380
36,10,272,274,454
36,11,234,254,512
36,12,207,222,571
36,13,173,213,614
36,14,152,186,662
36,15,144,151,705
36,16,134,128,738
36,17,122,115,763
36,18,119,88,793
36,19,113,67,820
36,20,105,62,833
36,21,103,45,852
36,22,97,37,866
36,23,90,37,873
36,24,90,30,880
36,25,88,26,886
36,26,85,23,892
36,27,84,21,895
36,28,84,17,899
36,29,81,16,903
36,30,80,11,909
37,0,950,50,0
37,1,923,71,6
37,2,882,92,26
37,3,833,119,48
37,4,765,149,86
37,5,676,200,124
37,6,590,228,182
37,7,518,246,236
37,8,443,262,295
37,9,364,273,363
37,10,292,271,437
37,11,245,249,506
37,12,207,222,571
37,13,179,198,623
37,14,157,169,674
37,15,145,150,705
37,16,134,118,748
37,17,126,96,778
37,18,120,73,807
37,19,117,60,823
37,20,115,45,840
37,21,107,42,851
37,22,105,29,866
37,23,102,28,870
37,24,100,19,881
37,25,99,15,886
37,26,99,11,890
37,27,98,10,892
37,28,96,8,896
37,29,94,8,898
37,30,93,7,900
38,0,950,50,0
38,1,911,80,9
38,2,865,102,33
38,3,817,122,61
38,4,748,157,95
38,5,678,189,133
38,6,591,225,184
38,7,506,254,240
38,8,413,279,308
38,9,338,292,370
38,10,282,286,432
38,11,236,268,496
38,12,199,231,570
38,13,175,198,627
38,14,161,165,674
38,15,140,152,708
38,16,131,119,750
38,17,122,97,781
38,18,115,82,803
38,19,108,67,825
38,20,104,55,841
38,21,102,36,862
38,22,100,30,870
38,23,99,24,877
38,24,97,18,885
38,25,96,18,886
38,26,95,14,891
38,27,94,13,893
38,28,93,11,896
38,29,93,8,899
38,30,93,5,902
39,0,950,50,0
39,1,919,66,15
39,2,875,95,30
39,3,827,122,51
39,4,767,149,84
39,5,685,201,114
39,6,609,226,165
39,7,534,247,219
39,8,446,266,288
39,9,364,277,359
39,10,303,270,427
39,11,252,247,501
39,12,224,213,563
39,13,190,191,619
39,14,170,146,684
39,15,151,110,739
39,16,136,101,763
39,17,122,89,789
39,18,112,80,808
39,19,102,67,831
39,20,97,50,853
39,21,92,42,866
39,22,89,31,880
39,23,86,26,888
39,24,83,25,892
39,25,79,24,897
39,26,79,19,902
39,27,77,19,904
39,28,75,18,907
39,29,75,13,912
39,30,75,10,915
40,0,950,50,0
40,1,912,80,8
40,2,856,111,33
40,3,817,118,65
40,4,741,169,90
40,5,650,225,125
40,6,578,240,182
40,7,483,279,238
40,8,403,288,309
40,9,335,279,386
40,10,272,286,442
40,11,226,257,517
40,12,189,228,583
40,13,154,203,643
40,14,141,169,690
40,15,129,122,749
40,16,120,100,780
40,17,110,88,802
40,18,100,82,818
40,19,96,70,834
40,20,93,54,853
40,21,90,44,866
40,22,86,41,873
40,23,84,36,880
40,24,82,28,890
40,25,81,21,898
40,26,80,16,904
40,27,80,14,906
40,28,80,11,909
40,29,80,8,912
40,30,80,6,914
41,0,950,50,0
41,1,919,67,14
41,2,877,90,33
41,3,828,115,57
41,4,764,153,83
41,5,687,192,121
41,6,607,225,168
41,7,509,264,227
41,8,430,283,287
41,9,354,282,364
41,10,295,269,436
41,11,244,255,501
41,12,214,220,566
41,13,180,210,610
41,14,157,174,669
41,15,144,148,708
41,16,135,125,740
41,17,116,116,768
41,18,111,97,792
41,19,106,77,817
41,20,102,64,834
41,21,98,50,852
41,22,97,43,860
41,23,97,35,868
41,24,95,30,875
41,25,93,23,884
41,26,92,20,888
41,27,92,15,893
41,28,91,11,898
41,29,88,9,903
41,30,86,10,904
42,0,950,50,0
42,1,930,56,14
42,2,902,74,24
42,3,852,107,41
42,4,777,157,66
42,5,704,190,106
42,6,600,252,148
42,7,507,287,206
42,8,426,301,273
42,9,348,290,362
42,10,290,286,424
42,11,224,276,500
42,12,194,239,567
42,13,166,187,647
42,14,143,164,693
42,15,124,140,736
42,16,109,120,771
42,17,104,94,802
42,18,101,71,828
42,19,94,58,848
42,20,86,48,866
42,21,78,47,875
42,22,76,35,889
42,23,74,27,899
42,24,71,21,908
42,25,69,18,913
42,26,69,15,916
42,27,68,10,922
42,28,68,7,925
42,29,67,8,925
42,30,67,6,927
43,0,950,50,0
43,1,919,66,15
43,2,888,79,33
43,3,830,117,53
43,4,766,151,83
43,5,674,199,127
43,6,583,246,171
43,7,484,293,223
43,8,392,306,302
43,9,327,294,379
43,10,268,276,456
43,11,229,249,522
43,12,191,231,578
43,13,165,211,624
43,14,139,177,684
43,15,124,138,738
43,16,110,128,762
43,17,100,111,789
43,18,87,103,810
43,19,84,75,841
43,20,81,63,856
43,21,77,48,875
43,22,77,43,880
43,23,75,33,892
43,24,73,27,900
43,25,71,20,909
43,26,71,15,914
43,27,69,15,916
43,28,69,12,919
43,29,69,12,919
43,30,69,9,922
44,0,950,50,0
44,1,923,66,11
44,2,889,84,27
44,3,834,114,52
44,4,751,175,74
44,5,678,200,122
44,6,574,250,176
44,7,478,280,242
44,8,398,291,311
44,9,316,298,386
44,10,261,269,470
44,11,230,238,532
44,12,196,223,581
44,13,173,190,637
44,14,157,156,687
44,15,142,139,719
44,16,132,109,759
44,17,123,97,780
44,18,120,81,799
44,19,114,69,817
44,20,113,52,835
44,21,112,40,848
44,22,106,40,854
44,23,105,29,866
44,24,103,19,878
44,25,103,16,881
44,26,100,18,882
44,27,99,15,886
44,28,99,10,891
44,29,99,8,893
44,30,99,7,894
45,0,950,50,0
45,1,920,68,12
45,2,877,98,25
45,3,817,131,52
45,4,751,167,82
45,5,679,200,121
45,6,585,236,179
45,7,501,258,241
45,8,414,287,299
45,9,358,282,360
45,10,291,282,427
45,11,240,274,486
45,12,203,240,557
45,13,171,204,625
45,14,153,178,669
45,15,133,154,713
45,16,123,135,742
45,17,116,111,773
45,18,110,85,805
45,19,105,64,831
45,20,101,50,849
45,21,98,41,861
45,22,97,32,871
45,23,91,31,878
45,24,91,26,883
45,25,90,18,892
45,26,88,17,895
45,27,86,11,903
45,28,86,8,906
45,29,86,8,906
45,30,85,8,907
46,0,950,50,0
46,1,929,58,13
46,2,892,84,24
46,3,830,122,48
46,4,767,145,88
46,5,690,193,117
46,6,596,234,170
46,7,504,268,228
46,8,423,276,301
46,9,335,297,368
46,10,272,294,434
46,11,228,262,510
46,12,197,231,572
46,13,176,194,630
46,14,157,161,682
46,15,148,132,720
46,16,134,111,755
46,17,125,89,786
46,18,121,72,807
46,19,113,69,818
46,20,106,61,833
46,21,102,52,846
46,22,100,41,859
46,23,96,32,872
46,24,94,25,881
46,25,94,19,887
46,26,94,16,890
46,27,94,15,891
46,28,91,16,893
46,29,91,10,899
46,30,91,6,903
47,0,950,50,0
47,1,920,67,13
47,2,872,100,28
47,3,816,144,40
47,4,749,172,79
47,5,664,216,120
47,6,575,243,182
47,7,477,291,232
47,8,406,299,295
47,9,335,287,378
47,10,287,266,447
47,11,244,254,502
47,12,210,230,560
47,13,188,190,622
47,14,166,163,671
47,15,152,134,714
47,16,140,112,748
47,17,129,99,772
47,18,121,87,792
47,19,114,84,802
47,20,107,73,820
47,21,104,58,838
47,22,101,42,857
47,23,96,37,867
47,24,95,31,874
47,25,94,23,883
47,26,94,20,886
47,27,94,15,891
47,28,93,14,893
47,29,93,11,896
47,30,92,10,898
48,0,950,50,0
48,1,917,75,8
48,2,873,100,27
48,3,821,134,45
48,4,755,171,74
48,5,692,195,113
48,6,597,245,158
48,7,516,266,218
48,8,426,288,286
48,9,352,284,364
48,10,283,273,444
48,11,253,227,520
48,12,215,213,572
48,13,183,188,629
48,14,162,156,682
48,15,152,125,723
48,16,144,106,750
48,17,127,96,777
48,18,118,70,812
48,19,110,63,827
48,20,106,57,837
48,21,98,50,852
48,22,95,46,859
48,23,91,37,872
48,24,90,32,878
48,25,89,29,882
48,26,87,23,890
48,27,86,20,894
48,28,86,16,898
48,29,85,14,901
48,30,84,12,904
49,0,950,50,0
49,1,914,72,14
49,2,871,96,33
49,3,828,114,58
49,4,762,143,95
49,5,678,189,133
49,6,588,239,173
49,7,499,261,240
49,8,416,280,304
49,9,355,274,371
49,10,300,265,435
49,11,237,270,493
49,12,209,230,561
49,13,181,200,619
49,14,165,163,672
49,15,144,133,723
49,16,139,107,754
49,17,133,82,785
49,18,125,72,803
49,19,118,64,818
49,20,114,55,831
49,21,114,40,846
49,22,103,42,855
49,23,99,34,867
49,24,97,25,878
49,25,94,26,880
49,26,93,18,889
49,27,93,7,900
49,28,91,8,901
49,29,90,7,903
49,30,90,4,906
50,0,950,50,0
50,1,925,62,13
50,2,875,97,28
50,3,816,133,51
50,4,745,167,88
50,5,655,213,132
50,6,584,235,181
50,7,497,269,234
50,8,419,275,306
50,9,362,255,383
50,10,309,243,448
50,11,255,242,503
50,12,212,231,557
50,13,179,198,623
50,14,154,170,676
50,15,140,143,717
50,16,129,120,751
50,17,119,101,780
50,18,110,81,809
50,19,108,68,824
50,20,100,58,842
50,21,96,42,862
50,22,94,35,871
50,23,91,33,876
50,24,91,21,888
50,25,88,21,891
50,26,87,18,895
50,27,87,13,900
50,28,85,13,902
50,29,85,11,904
50,30,84,11,905
51,0,950,50,0
51,1,924,61,15
51,2,886,84,30
51,3,838,111,51
51,4,762,163,75
51,5,687,201,112
51,6,592,258,150
51,7,502,286,212
51,8,434,276,290
51,9,362,290,348
51,10,299,267,434
51,11,242,265,493
51,12,202,244,554
51,13,175,207,618
51,14,154,179,667
51,15,133,148,719
51,16,123,122,755
51,17,110,106,784
51,18,100,87,813
51,19,97,69,834
51,20,93,60,847
51,21,93,46,861
51,22,91,39,870
51,23,88,41,871
51,24,86,34,880
51,25,85,28,887
51,26,83,21,896
51,27,81,18,901
51,28,81,12,907
51,29,80,7,913
51,30,79,7,914
52,0,950,50,0
52,1,913,73,14
52,2,868,97,35
52,3,809,135,56
52,4,751,161,88
52,5,666,211,123
52,6,579,242,179
52,7,485,276,239
52,8,413,264,323
52,9,346,268,386
52,10,292,253,455
52,11,250,237,513
52,12,202,229,569
52,13,181,189,630
52,14,159,163,678
52,15,147,143,710
52,16,135,124,741
52,17,129,93,778
52,18,120,75,805
52,19,116,60,824
52,20,112,50,838
52,21,108,46,846
52,22,101,41,858
52,23,96,27,877
52,24,95,19,886
52,25,91,21,888
52,26,90,16,894
52,27,89,14,897
52,28,88,14,898
52,29,87,13,900
52,30,86,9,905
53,0,950,50,0
53,1,913,77,10
53,2,874,101,25
53,3,815,138,47
53,4,732,179,89
53,5,650,195,155
53,6,564,226,210
53,7,482,248,270
53,8,385,286,329
53,9,328,261,411
53,10,275,256,469
53,11,235,232,533
53,12,202,211,587
53,13,173,174,653
53,14,150,167,683
53,15,128,156,716
53,16,115,124,761
53,17,106,103,791
53,18,100,78,822
53,19,95,68,837
53,20,92,55,853
53,21,87,40,873
53,22,79,38,883
53,23,76,28,896
53,24,74,24,902
53,25,72,19,909
53,26,71,13,916
53,27,69,13,918
53,28,69,9,922
53,29,69,8,923
53,30,69,7,924
54,0,950,50,0
54,1,919,68,13
54,2,874,95,31
54,3,807,144,49
54,4,731,178,91
54,5,645,220,135
54,6,561,244,195
54,7,480,261,259
54,8,404,266,330
54,9,324,288,388
54,10,269,275,456
54,11,221,264,515
54,12,186,243,571
54,13,162,211,627
54,14,142,170,688
54,15,126,141,733
54,16,109,122,769
54,17,98,100,802
54,18,93,82,825
54,19,89,61,850
54,20,83,49,868
54,21,78,39,883
54,22,73,34,893
54,23,69,25,906
54,24,67,20,913
54,25,66,17,917
54,26,66,12,922
54,27,65,12,923
54,28,65,11,924
54,29,65,9,926
54,30,64,8,928
55,0,950,50,0
55,1,916,69,15
55,2,880,88,32
55,3,817,134,49
55,4,753,156,91
55,5,655,219,126
55,6,566,253,181
55,7,478,278,244
55,8,402,280,318
55,9,334,273,393
55,10,273,268,459
55,11,241,241,518
55,12,205,212,583
55,13,174,193,633
55,14,148,166,686
55,15,137,139,724
55,16,124,122,754
55,17,113,104,783
55,18,104,94,802
55,19,100,77,823
55,20,97,55,848
55,21,95,36,869
55,22,94,30,876
55,23,91,28,881
55,24,89,24,887
55,25,88,21,891
55,26,87,19,894
55,27,85,19,896
55,28,84,15,901
55,29,83,15,902
55,30,82,14,904
56,0,950,50,0
56,1,921,61,18
56,2,883,88,29
56,3,826,120,54
56,4,759,158,83
56,5,673,207,120
56,6,586,250,164
56,7,496,277,227
56,8,418,286,296
56,9,354,284,362
56,10,284,295,421
56,11,235,266,499
56,12,201,222,577
56,13,173,192,635
56,14,151,170,679
56,15,132,147,721
56,16,126,119,755
56,17,115,102,783
56,18,108,88,804
56,19,107,64,829
56,20,103,58,839
56,21,101,44,855
56,22,97,32,871
56,23,96,27,877
56,24,94,22,884
56,25,93,18,889
56,26,92,12,896
56,27,92,10,898
56,28,92,5,903
56,29,92,4,904
56,30,92,2,906
57,0,950,50,0
57,1,921,64,15
57,2,879,91,30
57,3,824,129,47
57,4,754,166,80
57,5,670,210,120
57,6,575,252,173
57,7,485,276,239
57,8,401,276,323
57,9,338,273,389
57,10,288,248,464
57,11,237,234,529
57,12,205,195,600
57,13,192,157,651
57,14,163,144,693
57,15,150,121,729
57,16,125,112,763
57,17,115,95,790
57,18,109,80,811
57,19,103,69,828
57,20,101,59,840
57,21,95,47,858
57,22,92,40,868
57,23,91,25,884
57,24,88,23,889
57,25,86,17,897
57,26,84,16,900
57,27,82,15,903
57,28,80,11,909
57,29,80,7,913
57,30,80,6,914
58,0,950,50,0
58,1,929,57,14
58,2,895,82,23
58,3,843,112,45
58,4,771,161,68
58,5,698,189,113
58,6,607,230,163
58,7,509,286,205
58,8,428,289,283
58,9,358,294,348
58,10,294,277,429
58,11,239,262,499
58,12,201,223,576
58,13,172,200,628
58,14,150,179,671
58,15,138,140,722
58,16,125,115,760
58,17,114,96,790
58,18,108,69,823
58,19,104,59,837
58,20,99,44,857
58,21,93,35,872
58,22,89,30,881
58,23,89,23,888
58,24,88,20,892
58,25,85,17,898
58,26,83,16,901
58,27,81,16,903
58,28,81,15,904
58,29,80,15,905
58,30,79,11,910
59,0,950,50,0
59,1,918,72,10
59,2,879,101,20
59,3,821,131,48
59,4,758,159,83
59,5,677,208,115
59,6,577,256,167
59,7,493,275,232
59,8,409,280,311
59,9,334,279,387
59,10,272,273,455
59,11,224,256,520
59,12,193,229,578
59,13,170,192,638
59,14,155,162,683
59,15,142,141,717
59,16,128,124,748
59,17,116,111,773
59,18,105,107,788
59,19,99,77,824
59,20,97,65,838
59,21,93,52,855
59,22,88,37,875
59,23,83,36,881
59,24,82,27,891
59,25,82,21,897
59,26,81,19,900
59,27,80,13,907
59,28,78,10,912
59,29,77,7,916
59,30,77,4,919
60,0,950,50,0
60,1,920,74,6
60,2,873,102,25
60,3,823,127,50
60,4,769,145,86
60,5,680,196,124
60,6,602,235,163
60,7,507,270,223
60,8,436,272,292
60,9,375,257,368
60,10,311,264,425
60,11,260,252,488
60,12,217,228,555
60,13,186,188,626
60,14,163,168,669
60,15,145,146,709
60,16,137,112,751
60,17,126,93,781
60,18,123,73,804
60,19,119,56,825
60,20,110,53,837
60,21,105,33,862
60,22,101,32,867
60,23,98,27,875
60,24,95,26,879
60,25,94,22,884
60,26,93,14,893
60,27,93,11,896
60,28,93,9,898
60,29,91,10,899
60,30,91,9,900
61,0,950,50,0
61,1,926,64,10
61,2,893,76,31
61,3,844,106,50
61,4,764,167,69
61,5,699,190,111
61,6,613,227,160
61,7,523,257,220
61,8,441,282,277
61,9,353,288,359
61,10,303,260,437
61,11,262,228,510
61,12,219,211,570
61,13,193,186,621
61,14,172,159,669
61,15,157,136,707
61,16,145,130,725
61,17,133,108,759
61,18,123,87,790
61,19,117,72,811
61,20,114,58,828
61,21,108,47,845
61,22,105,42,853
61,23,101,34,865
61,24,100,30,870
61,25,98,26,876
61,26,97,19,884
61,27,97,15,888
61,28,95,10,895
61,29,94,8,898
61,30,93,8,899
62,0,950,50,0
62,1,913,74,13
62,2,873,99,28
62,3,819,134,47
62,4,748,174,78
62,5,656,225,119
62,6,565,256,179
62,7,478,282,240
62,8,392,296,312
62,9,321,298,381
62,10,269,267,464
62,11,229,248,523
62,12,201,203,596
62,13,173,191,636
62,14,148,163,689
62,15,128,141,731
62,16,114,120,766
62,17,103,97,800
62,18,91,80,829
62,19,88,62,850
62,20,86,41,873
62,21,83,31,886
62,22,80,30,890
62,23,77,24,899
62,24,77,19,904
62,25,77,15,908
62,26,77,13,910
62,27,74,15,911
62,28,74,11,915
62,29,74,8,918
62,30,74,5,921
63,0,950,50,0
63,1,926,61,13
63,2,890,82,28
63,3,826,125,49
63,4,751,174,75
63,5,679,205,116
63,6,577,246,177
63,7,484,277,239
63,8,418,275,307
63,9,348,279,373
63,10,295,269,436
63,11,251,243,506
63,12,210,227,563
63,13,182,214,604
63,14,162,171,667
63,15,145,158,697
63,16,133,125,742
63,17,122,108,770
63,18,115,85,800
63,19,110,70,820
63,20,103,59,838
63,21,101,46,853
63,22,100,36,864
63,23,99,33,868
63,24,94,33,873
63,25,86,33,881
63,26,85,22,893
63,27,85,18,897
63,28,85,15,900
63,29,85,13,902
63,30,85,12,903
64,0,950,50,0
64,1,912,77,11
64,2,874,100,26
64,3,808,149,43
64,4,735,185,80
64,5,649,222,129
64,6,572,235,193
64,7,498,247,255
64,8,423,257,320
64,9,350,257,393
64,10,277,268,455
64,11,247,225,528
64,12,220,197,583
64,13,193,184,623
64,14,170,163,667
64,15,158,130,712
64,16,145,113,742
64,17,133,93,774
64,18,124,84,792
64,19,116,72,812
64,20,111,56,833
64,21,109,42,849
64,22,108,30,862
64,23,108,22,870
64,24,107,17,876
64,25,105,14,881
64,26,102,14,884
64,27,101,11,888
64,28,100,9,891
64,29,100,6,894
64,30,99,7,894
65,0,950,50,0
65,1,922,63,15
65,2,874,92,34
65,3,816,125,59
65,4,743,166,91
65,5,667,195,138
65,6,585,233,182
65,7,484,268,248
65,8,408,276,316
65,9,335,298,367
65,10,271,297,432
65,11,225,270,505
65,12,200,229,571
65,13,178,189,633
65,14,158,159,683
65,15,142,136,722
65,16,126,111,763
65,17,113,101,786
65,18,107,83,810
65,19,102,65,833
65,20,95,57,848
65,21,90,50,860
65,22,88,42,870
65,23,85,32,883
65,24,83,27,890
65,25,80,18,902
65,26,79,12,909
65,27,79,8,913
65,28,79,6,915
65,29,76,8,916
65,30,76,6,918
66,0,950,50,0
66,1,917,69,14
66,2,874,95,31
66,3,828,125,47
66,4,764,160,76
66,5,678,197,125
66,6,592,230,178
66,7,483,279,238
66,8,389,315,296
66,9,320,303,377
66,10,263,284,453
66,11,219,253,528
66,12,183,218,599
66,13,156,187,657
66,14,141,148,711
66,15,124,121,755
66,16,106,105,789
66,17,93,92,815
66,18,85,80,835
66,19,78,65,857
66,20,74,55,871
66,21,71,47,882
66,22,66,40,894
66,23,65,27,908
66,24,65,22,913
66,25,64,13,923
66,26,62,13,925
66,27,62,8,930
66,28,61,8,931
66,29,59,6,935
66,30,59,6,935
67,0,950,50,0
67,1,930,53,17
67,2,890,78,32
67,3,836,114,50
67,4,771,151,78
67,5,681,201,118
67,6,597,229,174
67,7,500,271,229
67,8,411,304,285
67,9,337,305,358
67,10,280,293,427
67,11,243,255,502
67,12,202,228,570
67,13,173,193,634
67,14,161,152,687
67,15,142,130,728
67,16,130,111,759
67,17,114,104,782
67,18,109,93,798
67,19,106,81,813
67,20,98,71,831
67,21,96,57,847
67,22,91,50,859
67,23,88,38,874
67,24,85,32,883
67,25,84,26,890
67,26,83,20,897
67,27,82,17,901
67,28,81,14,905
67,29,80,12,908
67,30,80,9,911
68,0,950,50,0
68,1,921,69,10
68,2,880,97,23
68,3,825,129,46
68,4,744,174,82
68,5,647,227,126
68,6,557,266,177
68,7,479,280,241
68,8,399,278,323
68,9,327,278,395
68,10,264,269,467
68,11,226,232,542
68,12,185,209,606
68,13,167,166,667
68,14,144,148,708
68,15,130,125,745
68,16,112,115,773
68,17,100,90,810
68,18,91,78,831
68,19,88,60,852
68,20,82,53,865
68,21,81,41,878
68,22,80,35,885
68,23,77,29,894
68,24,74,24,902
68,25,71,24,905
68,26,69,21,910
68,27,69,17,914
68,28,65,19,916
68,29,64,14,922
68,30,64,13,923
69,0,950,50,0
69,1,911,76,13
69,2,867,101,32
69,3,799,139,62
69,4,731,178,91
69,5,644,223,133
69,6,552,269,179
69,7,456,290,254
69,8,386,275,339
69,9,319,263,418
69,10,255,264,481
69,11,211,251,538
69,12,180,213,607
69,13,157,189,654
69,14,143,166,691
69,15,125,149,726
69,16,111,119,770
69,17,104,88,808
69,18,95,71,834
69,19,89,56,855
69,20,82,54,864
69,21,79,40,881
69,22,78,25,897
69,23,76,18,906
69,24,76,13,911
69,25,75,11,914
69,26,74,12,914
69,27,72,13,915
69,28,72,11,917
69,29,72,9,919
69,30,71,5,924
70,0,950,50,0
70,1,923,64,13
70,2,880,97,23
70,3,823,126,51
70,4,749,172,79
70,5,676,205,119
70,6,582,254,164
70,7,482,284,234
70,8,414,299,287
70,9,346,291,363
70,10,284,275,441
70,11,240,263,497
70,12,203,232,565
70,13,179,201,620
70,14,158,174,668
70,15,153,143,704
70,16,138,114,748
70,17,126,94,780
70,18,118,71,811
70,19,113,56,831
70,20,108,49,843
70,21,108,37,855
70,22,103,29,868
70,23,101,26,873
70,24,97,18,885
70,25,95,16,889
70,26,93,14,893
70,27,92,12,896
70,28,91,8,901
70,29,91,7,902
70,30,90,8,902
71,0,950,50,0
71,1,914,75,11
71,2,869,102,29
71,3,814,127,59
71,4,750,164,86
71,5,677,200,123
71,6,598,238,164
71,7,512,265,223
71,8,423,288,289
71,9,358,273,369
71,10,297,264,439
71,11,247,251,502
71,12,210,227,563
71,13,185,185,630
71,14,162,170,668
71,15,151,139,710
71,16,138,110,752
71,17,128,92,780
71,18,123,67,810
71,19,117,51,832
71,20,110,47,843
71,21,108,35,857
71,22,107,26,867
71,23,104,21,875
71,24,101,17,882
71,25,99,14,887
71,26,97,11,892
71,27,95,8,897
71,28,94,8,898
71,29,94,6,900
71,30,92,6,902
72,0,950,50,0
72,1,921,69,10
72,2,892,79,29
72,3,842,114,44
72,4,751,177,72
72,5,672,215,113
72,6,578,251,171
72,7,486,289,225
72,8,403,299,298
72,9,340,272,388
72,10,280,264,456
72,11,239,234,527
72,12,200,217,583
72,13,170,180,650
72,14,151,162,687
72,15,142,130,728
72,16,126,121,753
72,17,117,101,782
72,18,106,71,823
72,19,100,62,838
72,20,96,51,853
72,21,89,39,872
72,22,85,35,880
72,23,82,31,887
72,24,82,22,896
72,25,82,17,901
72,26,80,16,904
72,27,79,15,906
72,28,78,13,909
72,29,77,8,915
72,30,76,7,917
73,0,950,50,0
73,1,918,68,14
73,2,868,97,35
73,3,803,131,66
73,4,737,170,93
73,5,641,228,131
73,6,552,275,173
73,7,467,286,247
73,8,380,296,324
73,9,321,283,396
73,10,273,251,476
73,11,223,241,536
73,12,197,210,593
73,13,170,189,641
73,14,144,165,691
73,15,134,128,738
73,16,125,104,771
73,17,119,86,795
73,18,115,76,809
73,19,106,66,828
73,20,101,53,846
73,21,98,42,860
73,22,95,35,870
73,23,92,26,882
73,24,89,21,890
73,25,87,18,895
73,26,85,16,899
73,27,83,14,903
73,28,82,12,906
73,29,82,11,907
73,30,82,10,908
74,0,950,50,0
74,1,913,72,15
74,2,866,94,40
74,3,816,119,65
74,4,753,151,96
74,5,657,216,127
74,6,564,244,192
74,7,477,261,262
74,8,389,276,335
74,9,323,268,409
74,10,269,259,472
74,11,226,231,543
74,12,196,194,610
74,13,172,173,655
74,14,143,160,697
74,15,121,145,734
74,16,109,117,774
74,17,97,99,804
74,18,93,77,830
74,19,89,66,845
74,20,83,54,863
74,21,82,42,876
74,22,78,37,885
74,23,77,26,897
74,24,76,20,904
74,25,76,14,910
74,26,76,10,914
74,27,75,9,916
74,28,74,8,918
74,29,72,6,922
74,30,71,5,924
75,0,950,50,0
75,1,918,64,18
75,2,885,82,33
75,3,825,130,45
75,4,756,161,83
75,5,666,208,126
75,6,572,251,177
75,7,489,268,243
75,8,398,291,311
75,9,333,269,398
75,10,273,265,462
75,11,230,239,531
75,12,195,220,585
75,13,176,189,635
75,14,159,155,686
75,15,144,127,729
75,16,128,110,762
75,17,116,98,786
75,18,103,89,808
75,19,95,76,829
75,20,88,69,843
75,21,87,45,868
75,22,83,42,875
75,23,77,39,884
75,24,76,32,892
75,25,73,27,900
75,26,72,24,904
75,27,72,19,909
75,28,72,15,913
75,29,72,11,917
75,30,70,12,918
76,0,950,50,0
76,1,920,71,9
76,2,876,94,30
76,3,825,126,49
76,4,751,171,78
76,5,682,203,115
76,6,597,230,173
76,7,501,268,231
76,8,425,290,285
76,9,349,286,365
76,10,291,288,421
76,11,246,263,491
76,12,200,248,552
76,13,173,217,610
76,14,152,188,660
76,15,144,150,706
76,16,136,120,744
76,17,130,92,778
76,18,120,76,804
76,19,115,65,820
76,20,111,52,837
76,21,107,43,850
76,22,105,37,858
76,23,102,31,867
76,24,102,25,873
76,25,100,19,881
76,26,100,15,885
76,27,98,10,892
76,28,95,12,893
76,29,93,14,893
76,30,93,9,898
77,0,950,50,0
77,1,924,65,11
77,2,877,98,25
77,3,816,138,46
77,4,749,174,77
77,5,666,216,118
77,6,571,259,170
77,7,490,273,237
77,8,409,292,299
77,9,343,283,374
77,10,285,266,449
77,11,242,242,516
77,12,210,210,580
77,13,190,180,630
77,14,178,147,675
77,15,163,119,718
77,16,147,102,751
77,17,132,92,776
77,18,122,83,795
77,19,115,63,822
77,20,112,47,841
77,21,108,39,853
77,22,105,34,861
77,23,103,28,869
77,24,101,26,873
77,25,99,23,878
77,26,95,22,883
77,27,93,17,890
77,28,93,9,898
77,29,93,8,899
77,30,92,7,901
78,0,950,50,0
78,1,926,64,10
78,2,880,97,23
78,3,812,145,43
78,4,732,187,81
78,5,652,224,124
78,6,576,242,182
78,7,504,248,248
78,8,423,263,314
78,9,352,262,386
78,10,292,270,438
78,11,242,252,506
78,12,205,221,574
78,13,176,193,631
78,14,148,168,684
78,15,130,147,723
78,16,118,125,757
78,17,109,100,791
78,18,101,82,817
78,19,96,66,838
78,20,90,53,857
78,21,88,44,868
78,22,86,36,878
78,23,82,35,883
78,24,80,27,893
78,25,78,24,898
78,26,75,18,907
78,27,75,14,911
78,28,74,10,916
78,29,73,9,918
78,30,73,6,921
79,0,950,50,0
79,1,919,67,14
79,2,885,86,29
79,3,835,109,56
79,4,757,158,85
79,5,674,201,125
79,6,581,240,179
79,7,481,285,234
79,8,389,319,292
79,9,318,305,377
79,10,272,261,467
79,11,232,243,525
79,12,196,221,583
79,13,168,191,641
79,14,144,159,697
79,15,128,135,737
79,16,118,116,766
79,17,111,96,793
79,18,101,87,812
79,19,99,71,830
79,20,95,60,845
79,21,90,54,856
79,22,87,44,869
79,23,83,40,877
79,24,81,31,888
79,25,80,21,899
79,26,77,18,905
79,27,75,13,912
79,28,75,9,916
79,29,74,7,919
79,30,73,7,920
80,0,950,50,0
80,1,922,65,13
80,2,882,92,26
80,3,830,124,46
80,4,765,163,72
80,5,688,201,111
80,6,602,231,167
80,7,498,269,233
80,8,414,269,317
80,9,335,278,387
80,10,275,271,454
80,11,234,245,521
80,12,194,215,591
80,13,174,181,645
80,14,157,159,684
80,15,137,138,725
80,16,131,114,755
80,17,122,98,780
80,18,111,89,800
80,19,106,66,828
80,20,102,55,843
80,21,101,40,859
80,22,97,35,868
80,23,95,27,878
80,24,94,25,881
80,25,93,19,888
80,26,92,16,892
80,27,91,12,897
80,28,86,16,898
80,29,85,15,900
80,30,85,13,902
81,0,950,50,0
81,1,915,74,11
81,2,872,101,27
81,3,806,142,52
81,4,742,171,87
81,5,644,224,132
81,6,549,265,186
81,7,443,306,251
81,8,363,308,329
81,9,305,284,411
81,10,252,265,483
81,11,208,233,559
81,12,176,198,626
81,13,153,175,672
81,14,139,143,718
81,15,129,116,755
81,16,118,104,778
81,17,109,92,799
81,18,97,79,824
81,19,94,60,846
81,20,89,43,868
81,21,89,31,880
81,22,88,27,885
81,23,86,20,894
81,24,84,17,899
81,25,83,14,903
81,26,82,11,907
81,27,79,13,908
81,28,77,14,909
81,29,76,12,912
81,30,76,10,914
82,0,950,50,0
82,1,924,68,8
82,2,875,96,29
82,3,813,138,49
82,4,742,181,77
82,5,654,215,131
82,6,572,236,192
82,7,482,269,249
82,8,411,255,334
82,9,343,262,395
82,10,291,239,470
82,11,240,237,523
82,12,204,211,585
82,13,175,190,635
82,14,153,168,679
82,15,136,130,734
82,16,122,119,759
82,17,110,108,782
82,18,103,94,803
82,19,100,77,823
82,20,98,57,845
82,21,93,49,858
82,22,91,40,869
82,23,89,30,881
82,24,85,31,884
82,25,83,25,892
82,26,80,23,897
82,27,80,17,903
82,28,79,14,907
82,29,79,11,910
82,30,79,6,915
83,0,950,50,0
83,1,918,70,12
83,2,872,99,29
83,3,815,122,63
83,4,736,165,99
83,5,660,198,142
83,6,571,245,184
83,7,491,267,242
83,8,406,292,302
83,9,331,306,363
83,10,264,303,433
83,11,214,277,509
83,12,183,244,573
83,13,149,222,629
83,14,131,176,693
83,15,122,149,729
83,16,114,114,772
83,17,106,96,798
83,18,98,83,819
83,19,96,66,838
83,20,92,56,852
83,21,89,44,867
83,22,84,34,882
83,23,83,26,891
83,24,82,17,901
83,25,81,16,903
83,26,80,12,908
83,27,78,12,910
83,28,78,11,911
83,29,78,9,913
83,30,78,7,915
84,0,950,50,0
84,1,901,86,13
84,2,851,114,35
84,3,791,146,63
84,4,720,174,106
84,5,652,191,157
84,6,576,222,202
84,7,497,252,251
84,8,415,268,317
84,9,340,278,382
84,10,286,260,454
84,11,241,232,527
84,12,200,219,581
84,13,170,201,629
84,14,151,169,680
84,15,132,148,720
84,16,119,122,759
84,17,112,109,779
84,18,105,93,802
84,19,99,73,828
84,20,95,56,849
84,21,88,50,862
84,22,83,44,873
84,23,79,38,883
84,24,76,31,893
84,25,75,22,903
84,26,74,17,909
84,27,74,12,914
84,28,73,8,919
84,29,73,6,921
84,30,73,4,923
85,0,950,50,0
85,1,918,72,10
85,2,880,87,33
85,3,825,119,56
85,4,751,153,96
85,5,658,214,128
85,6,572,242,186
85,7,481,263,256
85,8,406,273,321
85,9,334,278,388
85,10,265,288,447
85,11,217,263,520
85,12,189,229,582
85,13,157,201,642
85,14,135,184,681
85,15,123,148,729
85,16,109,119,772
85,17,101,97,802
85,18,94,81,825
85,19,87,73,840
85,20,77,60,863
85,21,73,45,882
85,22,70,34,896
85,23,69,23,908
85,24,69,18,913
85,25,68,14,918
85,26,66,9,925
85,27,66,5,929
85,28,65,5,930
85,29,64,5,931
85,30,63,5,932
86,0,950,50,0
86,1,919,71,10
86,2,880,94,26
86,3,820,130,50
86,4,743,180,77
86,5,650,232,118
86,6,576,251,173
86,7,503,266,231
86,8,424,266,310
86,9,356,263,381
86,10,305,248,447
86,11,260,245,495
86,12,221,228,551
86,13,185,212,603
86,14,161,178,661
86,15,144,167,689
86,16,133,133,734
86,17,126,110,764
86,18,115,91,794
86,19,109,73,818
86,20,104,56,840
86,21,102,39,859
86,22,100,38,862
86,23,100,31,869
86,24,98,24,878
86,25,96,21,883
86,26,94,11,895
86,27,94,5,901
86,28,92,5,903
86,29,90,5,905
86,30,88,6,906
87,0,950,50,0
87,1,911,75,14
87,2,869,99,32
87,3,809,135,56
87,4,745,154,101
87,5,665,200,135
87,6,580,236,184
87,7,493,257,250
87,8,401,288,311
87,9,325,299,376
87,10,266,285,449
87,11,211,277,512
87,12,183,228,589
87,13,164,189,647
87,14,144,163,693
87,15,128,131,741
87,16,114,110,776
87,17,106,91,803
87,18,101,71,828
87,19,98,60,842
87,20,90,53,857
87,21,85,46,869
87,22,82,35,883
87,23,80,30,890
87,24,79,27,894
87,25,75,28,897
87,26,73,25,902
87,27,71,20,909
87,28,70,17,913
87,29,70,13,917
87,30,70,8,922
88,0,950,50,0
88,1,919,71,10
88,2,881,92,27
88,3,814,141,45
88,4,751,173,76
88,5,677,193,130
88,6,595,228,177
88,7,512,269,219
88,8,423,295,282
88,9,339,291,370
88,10,282,265,453
88,11,238,234,528
88,12,199,202,599
88,13,166,187,647
88,14,142,171,687
88,15,127,144,729
88,16,116,117,767
88,17,104,102,794
88,18,96,80,824
88,19,88,66,846
88,20,86,57,857
88,21,84,42,874
88,22,82,29,889
88,23,82,20,898
88,24,81,16,903
88,25,79,14,907
88,26,79,11,910
88,27,77,10,913
88,28,77,5,918
88,29,76,6,918
88,30,76,5,919
89,0,950,50,0
89,1,917,68,15
89,2,879,91,30
89,3,827,123,50
89,4,764,145,91
89,5,689,185,126
89,6,596,240,164
89,7,501,286,213
89,8,429,284,287
89,9,375,272,353
89,10,316,260,424
89,11,257,244,499
89,12,215,226,559
89,13,188,199,613
89,14,160,185,655
89,15,148,145,707
89,16,128,130,742
89,17,121,109,770
89,18,113,93,794
89,19,102,75,823
89,20,95,58,847
89,21,92,49,859
89,22,90,32,878
89,23,90,21,889
89,24,87,20,893
89,25,85,17,898
89,26,83,15,902
89,27,80,10,910
89,28,80,6,914
89,29,79,4,917
89,30,78,2,920
90,0,950,50,0
90,1,912,79,9
90,2,871,100,29
90,3,813,133,54
90,4,748,161,91
90,5,660,215,125
90,6,567,261,172
90,7,469,298,233
90,8,380,314,306
90,9,316,293,391
90,10,267,271,462
90,11,226,240,534
90,12,199,196,605
90,13,173,185,642
90,14,159,152,689
90,15,149,129,722
90,16,137,114,749
90,17,121,92,787
90,18,110,76,814
90,19,108,61,831
90,20,107,50,843
90,21,102,40,858
90,22,101,34,865
90,23,99,29,872
90,24,98,28,874
90,25,95,24,881
90,26,94,18,888
90,27,93,11,896
90,28,93,9,898
90,29,92,9,899
90,30,91,6,903
91,0,950,50,0
91,1,922,66,12
91,2,887,88,25
91,3,828,132,40
91,4,771,155,74
91,5,689,198,113
91,6,596,252,152
91,7,510,276,214
91,8,430,282,288
91,9,357,303,340
91,10,303,271,426
91,11,260,255,485
91,12,227,223,550
91,13,192,210,598
91,14,175,177,648
91,15,161,153,686
91,16,150,124,726
91,17,139,112,749
91,18,129,92,779
91,19,124,76,800
91,20,118,59,823
91,21,110,56,834
91,22,107,44,849
91,23,106,38,856
91,24,102,37,861
91,25,100,33,867
91,26,98,28,874
91,27,97,24,879
91,28,96,18,886
91,29,96,12,892
91,30,96,10,894
92,0,950,50,0
92,1,921,69,10
92,2,879,93,28
92,3,822,131,47
92,4,746,168,86
92,5,673,200,127
92,6,581,241,178
92,7,480,290,230
92,8,414,294,292
92,9,355,272,373
92,10,291,268,441
92,11,251,233,516
92,12,206,225,569
92,13,171,200,629
92,14,151,164,685
92,15,141,146,713
92,16,130,121,749
92,17,119,96,785
92,18,108,74,818
92,19,107,54,839
92,20,101,42,857
92,21,99,37,864
92,22,97,26,877
92,23,95,24,881
92,24,94,19,887
92,25,94,13,893
92,26,91,11,898
92,27,90,8,902
92,28,88,8,904
92,29,88,6,906
92,30,87,6,907
93,0,950,50,0
93,1,924,64,12
93,2,879,93,28
93,3,813,142,45
93,4,741,179,80
93,5,656,218,126
93,6,559,259,182
93,7,461,298,241
93,8,382,296,322
93,9,314,293,393
93,10,263,269,468
93,11,227,222,551
93,12,189,215,596
93,13,157,200,643
93,14,127,181,692
93,15,109,158,733
93,16,103,129,768
93,17,93,103,804
93,18,85,84,831
93,19,81,68,851
93,20,80,51,869
93,21,75,36,889
93,22,74,25,901
93,23,72,23,905
93,24,71,19,910
93,25,70,15,915
93,26,70,10,920
93,27,68,9,923
93,28,68,8,924
93,29,68,5,927
93,30,68,5,927
94,0,950,50,0
94,1,911,70,19
94,2,867,102,31
94,3,814,128,58
94,4,741,167,92
94,5,661,209,130
94,6,571,247,182
94,7,489,269,242
94,8,410,274,316
94,9,342,279,379
94,10,288,261,451
94,11,249,241,510
94,12,200,228,572
94,13,169,198,633
94,14,146,186,668
94,15,127,166,707
94,16,119,138,743
94,17,114,106,780
94,18,106,87,807
94,19,101,71,828
94,20,97,68,835
94,21,95,47,858
94,22,95,31,874
94,23,92,27,881
94,24,89,22,889
94,25,87,18,895
94,26,87,14,899
94,27,84,15,901
94,28,83,14,903
94,29,83,11,906
94,30,82,10,908
95,0,950,50,0
95,1,920,61,19
95,2,868,97,35
95,3,808,138,54
95,4,729,187,84
95,5,655,213,132
95,6,563,252,185
95,7,466,281,253
95,8,382,297,321
95,9,312,294,394
95,10,272,251,477
95,11,239,213,548
95,12,197,199,604
95,13,163,186,651
95,14,150,145,705
95,15,133,125,742
95,16,120,111,769
95,17,112,81,807
95,18,103,66,831
95,19,95,53,852
95,20,90,51,859
95,21,87,35,878
95,22,85,22,893
95,23,83,18,899
95,24,80,17,903
95,25,79,15,906
95,26,77,15,908
95,27,77,14,909
95,28,76,13,911
95,29,73,10,917
95,30,73,8,919
96,0,950,50,0
96,1,928,61,11
96,2,877,100,23
96,3,818,133,49
96,4,750,173,77
96,5,663,222,115
96,6,575,252,173
96,7,497,275,228
96,8,420,293,287
96,9,351,277,372
96,10,293,255,452
96,11,246,243,511
96,12,210,204,586
96,13,181,179,640
96,14,164,150,686
96,15,150,119,731
96,16,137,105,758
96,17,121,99,780
96,18,115,80,805
96,19,109,66,825
96,20,105,49,846
96,21,103,39,858
96,22,101,34,865
96,23,97,31,872
96,24,97,26,877
96,25,94,25,881
96,26,91,20,889
96,27,90,15,895
96,28,89,11,900
96,29,89,5,906
96,30,89,3,908
97,0,950,50,0
97,1,923,65,12
97,2,887,82,31
97,3,829,124,47
97,4,763,158,79
97,5,685,192,123
97,6,574,262,164
97,7,469,307,224
97,8,396,296,308
97,9,324,286,390
97,10,268,264,468
97,11,225,240,535
97,12,186,221,593
97,13,160,192,648
97,14,137,176,687
97,15,123,151,726
97,16,104,126,770
97,17,94,103,803
97,18,85,87,828
97,19,79,77,844
97,20,73,59,868
97,21,72,45,883
97,22,71,32,897
97,23,68,29,903
97,24,67,24,909
97,25,62,24,914
97,26,62,18,920
97,27,61,13,926
97,28,61,7,932
97,29,59,7,934
97,30,59,4,937
98,0,950,50,0
98,1,916,68,16
98,2,879,90,31
98,3,819,134,47
98,4,760,166,74
98,5,677,202,121
98,6,591,230,179
98,7,491,280,229
98,8,425,282,293
98,9,360,281,359
98,10,279,287,434
98,11,226,277,497
98,12,194,229,577
98,13,166,204,630
98,14,147,172,681
98,15,139,137,724
98,16,127,112,761
98,17,116,98,786
98,18,111,79,810
98,19,106,60,834
98,20,102,47,851
98,21,96,39,865
98,22,92,30,878
98,23,89,20,891
98,24,88,16,896
98,25,87,13,900
98,26,87,9,904
98,27,87,3,910
98,28,86,4,910
98,29,86,2,912
98,30,86,2,912
99,0,950,50,0
99,1,920,72,8
99,2,881,90,29
99,3,819,126,55
99,4,749,162,89
99,5,665,207,128
99,6,579,255,166
99,7,494,278,228
99,8,415,288,297
99,9,347,277,376
99,10,274,273,453
99,11,233,239,528
99,12,191,228,581
99,13,162,204,634
99,14,141,172,687
99,15,129,148,723
99,16,115,122,763
99,17,109,95,796
99,18,99,88,813
99,19,92,69,839
99,20,91,53,856
99,21,86,45,869
99,22,84,37,879
99,23,82,29,889
99,24,79,24,897
99,25,77,22,901
99,26,77,17,906
99,27,76,16,908
99,28,75,11,914
99,29,75,10,915
99,30,75,7,918
100,0,950,50,0
100,1,919,73,8
100,2,879,88,33
100,3,832,113,55
100,4,756,160,84
100,5,679,198,123
100,6,578,247,175
100,7,494,263,243
100,8,406,293,301
100,9,331,304,365
100,10,261,305,434
100,11,214,285,501
100,12,179,243,578
100,13,157,205,638
100,14,139,176,685
100,15,122,146,732
100,16,109,123,768
100,17,99,108,793
100,18,91,88,821
100,19,82,73,845
100,20,77,65,858
100,21,71,51,878
100,22,69,40,891
100,23,65,34,901
100,24,63,26,911
100,25,63,19,918
100,26,61,18,921
100,27,61,11,928
100,28,60,9,931
100,29,59,5,936
100,30,58,6,936
